angle_deg,normal_MPa,shear_MPa
0.0,47.26265190056923,16.29746617261008
1.0,47.8170297022475,15.462816814482842
2.0,48.34194094942607,14.609328395931492
3.0,48.83674611860663,13.738040761124223
4.0,49.300842365909425,12.85001543983248
5.0,49.73366426154566,11.946334354120438
6.0,50.134684478706625,11.028098500189639
7.0,50.50341443603013,10.096426606984709
8.0,50.839404892861644,9.152453773194463
9.0,51.14224649658491,8.197330084309002
10.0,51.41157028135495,7.232219211417715
11.0,51.647048117626184,6.258296993455281
12.0,51.84839311192767,5.276750004623072
13.0,52.01535995639871,4.2887741087312605
14.0,52.147745227658554,3.2955730022229646
15.0,52.24538763464657,2.2983567476555686
16.0,52.30816821513051,1.2983402994258684
17.0,52.33601048064365,0.29674202353530565
18.0,52.328880509674235,-0.7052177868013252
19.0,52.286786988993605,-1.7063183978952132
20.0,52.20978120307271,-2.705340122859463
21.0,52.097956971599864,-3.7010658076097127
22.0,51.95145053517589,-4.692282313778868
23.0,51.770440389326,-5.677781996739371
24.0,51.55514706703044,-6.656364176932115
25.0,51.30583287003902,-7.6268366027095675
26.0,51.02280154929688,-8.588016902910734
27.0,50.706397934870715,-9.538734027398295
28.0,50.35700751582644,-10.477829673802814
29.0,49.97505597057022,-11.40415969873573
30.0,49.5610086482248,-12.316595511751876
31.0,49.11537000167336,-13.214025450363048
32.0,48.63868297296138,-14.095356134427536
33.0,48.131528331805306,-14.959513798265395
34.0,47.594523968014215,-15.805445598876517
35.0,47.02832413868621,-16.632120898667655
36.0,46.43361867109692,-17.438532521125598
37.0,45.81113212225125,-18.22369797790656
38.0,45.16162289612227,-18.986660665846923
39.0,44.485882319652795,-19.726491032436815
40.0,43.78473367864539,-20.44228770833669
41.0,43.059031214715446,-21.13317860555699
42.0,42.309659084529386,-21.79832197996302
43.0,41.537530282595895,-22.436907456810562
44.0,40.74358552892283,-23.048157018062632
45.0,39.9287921228947,-23.631325950284616
46.0,39.094142764767454,-24.185703751962887
47.0,38.240654346216104,-24.710614999141455
48.0,37.36936671140884,-25.205420168322014
49.0,36.4813413901171,-25.669516415624813
50.0,35.57766030440506,-26.102338311261054
51.0,34.659424450474255,-26.503358528422012
52.0,33.72775255726932,-26.872088485745504
53.0,32.78377972347908,-27.20807894257703
54.0,31.82865603459362,-27.510920546300287
55.0,30.86354516170233,-27.780244331070335
56.0,29.889622943739894,-28.01572216734157
57.0,28.908075954907684,-28.21706716164306
58.0,27.92010005901587,-28.384034006114092
59.0,26.926898952507578,-28.516419277373938
60.0,25.929682697940187,-28.614061684361957
61.0,24.929666249710486,-28.67684226484589
62.0,23.928067973819925,-28.704684530359028
63.0,22.926108163483292,-28.69755455938962
64.0,21.925007552389406,-28.655461038709
65.0,20.92598582742515,-28.578455252788096
66.0,19.9302601426749,-28.466631021315244
67.0,18.93904363650574,-28.32012458489127
68.0,17.95354395354524,-28.139114439041382
69.0,16.97496177335251,-27.923821116745824
70.0,16.004489347575053,-27.674506919754407
71.0,15.043309047373887,-27.39147559901227
72.0,14.092591922886324,-27.075071984586096
73.0,13.153496276481807,-26.725681565541827
74.0,12.227166251548887,-26.343730020285598
75.0,11.314730438532735,-25.92968269794018
76.0,10.417300499921561,-25.48404405138875
77.0,9.535969815857072,-25.007357022676757
78.0,8.671812152019225,-24.500202381520698
79.0,7.825880351408106,-23.963198017729603
80.0,6.99920505161696,-23.396998188401597
81.0,6.192793429159015,-22.802292720812304
82.0,5.407627972378053,-22.179806171966636
83.0,4.644665284437694,-21.530296945837655
84.0,3.904834917847798,-20.854556369368172
85.0,3.1890382419479235,-20.153407728360765
86.0,2.4981473447276277,-19.427705264430827
87.0,1.8330039703216015,-18.678333134244774
88.0,1.194418493474055,-17.906204332311287
89.0,0.5831689322219837,-17.11225957863821
90.0,1.99586397824992e-15,-16.297466172610083
91.0,-0.554377801678271,-15.462816814482842
92.0,-1.079289048856839,-14.609328395931492
93.0,-1.5740942180373987,-13.738040761124223
94.0,-2.0381904653402,-12.850015439832477
95.0,-2.4710123609764425,-11.946334354120435
96.0,-2.8720325781374014,-11.028098500189635
97.0,-3.2407625354608864,-10.096426606984712
98.0,-3.5767529922924086,-9.152453773194466
99.0,-3.8795945960156732,-8.197330084309007
100.0,-4.1489183807857195,-7.232219211417716
101.0,-4.38439621705695,-6.258296993455281
102.0,-4.585741211358447,-5.276750004623072
103.0,-4.752708055829476,-4.288774108731259
104.0,-4.885093327089324,-3.295573002222961
105.0,-4.982735734077343,-2.298356747655565
106.0,-5.045516314561278,-1.2983402994258721
107.0,-5.0733585800744185,-0.2967420235353131
108.0,-5.066228609105004,0.7052177868013214
109.0,-5.024135088424381,1.7063183978952094
110.0,-4.947129302503483,2.705340122859463
111.0,-4.835305071030628,3.7010658076097127
112.0,-4.6887986346066555,4.692282313778874
113.0,-4.507788488756766,5.677781996739371
114.0,-4.292495166461205,6.656364176932117
115.0,-4.043180969469793,7.626836602709561
116.0,-3.76014964872765,8.588016902910741
117.0,-3.4437460343014803,9.53873402739829
118.0,-3.094355615257207,10.477829673802821
119.0,-2.7124040700009857,11.404159698735729
120.0,-2.2983567476555744,12.316595511751864
121.0,-1.8527181011041365,13.214025450363055
122.0,-1.3760310723921527,14.095356134427533
123.0,-0.8688764312360734,14.9595137982654
124.0,-0.3318720674449895,15.805445598876508
125.0,0.23432776188302784,16.63212089866766
126.0,0.8290332294723094,17.438532521125598
127.0,1.451519778317986,18.22369797790657
128.0,2.1010290044469593,18.986660665846923
129.0,2.776769580916431,19.72649103243681
130.0,3.4779182219238467,20.442287708336693
131.0,4.2036206858537755,21.13317860555698
132.0,4.952992816039849,21.798321979963024
133.0,5.7251216179733255,22.43690745681056
134.0,6.519066371646412,23.048157018062636
135.0,7.333859777674531,23.631325950284612
136.0,8.16850913580178,24.185703751962894
137.0,9.021997554353122,24.71061499914146
138.0,9.893285189160377,25.205420168322007
139.0,10.781310510452135,25.669516415624813
140.0,11.684991596164165,26.102338311261054
141.0,12.603227450094979,26.503358528422016
142.0,13.5348993432999,26.872088485745504
143.0,14.478872177090159,27.20807894257703
144.0,15.433995865975609,27.510920546300287
145.0,16.39910673886691,27.78024433107034
146.0,17.37302895682933,28.015722167341565
147.0,18.35457594566153,28.21706716164306
148.0,19.34255184155335,28.384034006114096
149.0,20.33575294806164,28.516419277373934
150.0,21.332969202629048,28.614061684361957
151.0,22.33298565085874,28.67684226484589
152.0,23.33458392674931,28.704684530359028
153.0,24.336543737085936,28.69755455938962
154.0,25.337644348179833,28.655461038709
155.0,26.336666073144073,28.578455252788096
156.0,27.332391757894307,28.466631021315244
157.0,28.323608264063484,28.320124584891268
158.0,29.309107947023968,28.139114439041382
159.0,30.287690127216734,27.923821116745824
160.0,31.258162552994175,27.674506919754407
161.0,32.21934285319536,27.39147559901227
162.0,33.170059977682904,27.075071984586096
163.0,34.109155624087435,26.725681565541823
164.0,35.035485649020345,26.343730020285598
165.0,35.94792146203648,25.92968269794019
166.0,36.84535140064767,25.484044051388757
167.0,37.726682084712145,25.00735702267677
168.0,38.59083974855001,24.500202381520687
169.0,39.43677154916112,23.963198017729606
170.0,40.26344684895228,23.396998188401586
171.0,41.069858471410214,22.802292720812307
172.0,41.85502392819119,22.17980617196663
173.0,42.61798661613154,21.53029694583766
174.0,43.357816982721424,20.854556369368186
175.0,44.073613658621305,20.15340772836077
176.0,44.76450455584159,19.42770526443084
177.0,45.42964793024763,18.678333134244767
178.0,46.06823340709517,17.90620433231129
179.0,46.67948296834725,17.112259578638202
180.0,47.262651900569224,16.297466172610086
